{
  "avg_took_ms": 1.3886979731368418,
  "ranked": [
    {
      "acc": 0.7196341847140695,
      "sample": "Sample0174.tfrecords"
    },
    {
      "acc": 0.934862146262087,
      "sample": "Sample0085.tfrecords"
    },
    {
      "acc": 0.9842265483622509,
      "sample": "Sample0008.tfrecords"
    }
  ],
  "global": {
    "avg": 0.9253484406937004,
    "std": 0.119996389698137
  }
}