{
  "ranked": [
    {
      "acc": 0.7196341847140695,
      "sample": "Sample0174.tfrecords"
    },
    {
      "acc": 0.9331352263259873,
      "sample": "Sample0150.tfrecords"
    },
    {
      "acc": 0.9842265483622509,
      "sample": "Sample0008.tfrecords"
    }
  ],
  "avg_took_ms": 1.3893392768658326,
  "global": {
    "std": 0.12659818351813273,
    "avg": 0.9229789432676997
  }
}