{
  "global": {
    "avg": 0.9157720645039518,
    "std": 0.12864779822901823
  },
  "ranked": [
    {
      "sample": "Sample0174.tfrecords",
      "acc": 0.7107847539225224
    },
    {
      "sample": "Sample0054.tfrecords",
      "acc": 0.923702458510151
    },
    {
      "sample": "Sample0425.tfrecords",
      "acc": 0.982181421561212
    }
  ],
  "avg_took_ms": 1.3687240730185166
}