{
  "avg_took_ms": 1.3820455770206543,
  "global": {
    "avg": 0.91963974448396,
    "std": 0.12146831041980397
  },
  "ranked": [
    {
      "acc": 0.7107847539225224,
      "sample": "Sample0174.tfrecords"
    },
    {
      "acc": 0.9268299960083537,
      "sample": "Sample0272.tfrecords"
    },
    {
      "acc": 0.982181421561212,
      "sample": "Sample0425.tfrecords"
    }
  ]
}