{
  "avg_took_ms": 1.3960531424745288,
  "ranked": [
    {
      "acc": 0.3706737210222241,
      "sample": "Sample0808.tfrecords"
    },
    {
      "acc": 0.8733200433920282,
      "sample": "Sample0806.tfrecords"
    },
    {
      "acc": 0.9756397094125288,
      "sample": "Sample0799.tfrecords"
    }
  ],
  "global": {
    "std": 0.18793315794824828,
    "avg": 0.8707343552948993
  }
}