{
  "global": {
    "avg": 0.9121895434490508,
    "std": 0.16144301850974457
  },
  "ranked": [
    {
      "sample": "Sample0098.tfrecords",
      "acc": 0.3235906589320244
    },
    {
      "sample": "Sample0178.tfrecords",
      "acc": 0.9550387596899225
    },
    {
      "sample": "Sample0276.tfrecords",
      "acc": 1.0
    }
  ],
  "avg_took_ms": 1.377990744629853
}