{
  "avg_took_ms": 1.384508942644258,
  "global": {
    "avg": 0.8007663016855735,
    "std": 0.2748667913431986
  },
  "ranked": [
    {
      "sample": "Sample0808.tfrecords",
      "acc": 0.3706737210222241
    },
    {
      "sample": "Sample0717.tfrecords",
      "acc": 0.7969666202419796
    },
    {
      "sample": "Sample0920.tfrecords",
      "acc": 0.9664881398346838
    }
  ]
}