{
  "global": {
    "avg": 0.8339837795369703,
    "std": 0.2406714205716346
  },
  "ranked": [
    {
      "sample": "Sample0808.tfrecords",
      "acc": 0.37305485429852037
    },
    {
      "sample": "Sample0918.tfrecords",
      "acc": 0.8336600628539766
    },
    {
      "sample": "Sample0920.tfrecords",
      "acc": 0.9645850522685583
    }
  ],
  "avg_took_ms": 1.3741606789073726
}